paper_id,intra_model,intra_provider,cross_provider
0SPoKR8Xrk,0.8806,0.8383,0.8093
0uWNuJ1xtz,0.8423,0.8106,0.7776
12ZCZVKm7r,0.8237,0.7653,0.7201
24lzMGlvnq,0.8618,0.8188,0.7763
35aDuh7ndX,0.9265,0.8849,0.8502
3WZkuWlzmN,0.8747,0.8235,0.7677
3pAVbjWMXW,0.8547,0.8149,0.7921
4U2k4uw43B,0.8474,0.7755,0.7089
4Xh9oL5rH0,0.8603,0.8104,0.7727
57YLCp7n2V,0.8602,0.8195,0.7927
5OsnDm1CdX,0.8701,0.8164,0.7743
6pjxodugzO,0.8812,0.8442,0.8225
7brF4sMQq3,0.8629,0.7939,0.7815
7cbwuA5k0T,0.8622,0.8127,0.7894
7l75CbxtmC,0.8737,0.8342,0.8179
8JFITrNy3K,0.8590,0.7878,0.7356
9JSO4qf1RQ,0.8280,0.7783,0.7245
A21WF9M1Um,0.8804,0.8377,0.8158
AQkGpEMGWA,0.8243,0.7849,0.7701
Bg4Hn9Qq3w,0.8316,0.7686,0.7337
Cfj7uBu5dy,0.8449,0.7917,0.7644
Ciw6DbDa4U,0.8591,0.7991,0.7459
Ei3eF8B8XH,0.8408,0.7800,0.7513
EuACaJblk4,0.8536,0.7897,0.7673
Gzf8k2wPdF,0.8618,0.8009,0.7374
InZczCC8X1,0.8383,0.7515,0.7307
YKxwBMK8Nl,0.8760,0.8270,0.7933
a3LKICpDO2,0.8831,0.8348,0.8004
aECXy5Jgm4,0.8804,0.8280,0.7992
acfR6umMJt,0.8644,0.8201,0.7754
amn6lBDjXm,0.8240,0.7525,0.7404
auRe7zr32I,0.8891,0.8433,0.8216
bmgU7yWBeC,0.8807,0.8275,0.7928
cEgjPFdLvl,0.8615,0.8077,0.7844
cFTvHHXvt6,0.8666,0.8137,0.7633
ctyy8EJYQj,0.8452,0.7871,0.7597
dEtRvi7G5i,0.8862,0.8340,0.8260
dmeAH1hVR8,0.8839,0.8473,0.7503
e8bcQehZ15,0.8434,0.7902,0.7572
eUiZg9uUt4,0.8488,0.7925,0.7489
egi8g2U0ZX,0.8575,0.8151,0.7735
enQdbinvNd,0.8431,0.7793,0.7425
farKrjdsIH,0.9193,0.8903,0.8687
g6Sj1OFjAu,0.8303,0.7837,0.7454
gifMFKvAl5,0.8871,0.8327,0.7973
hFzjgQzoVU,0.8269,0.7685,0.7384
hQCdhenqre,0.8339,0.7719,0.7513
hk6iX4mg3B,0.8566,0.8145,0.7533
iFHaZzs6Kz,0.8449,0.8158,0.7932
j3aOU8Ahue,0.8766,0.8091,0.7661
